Datetime,Water Level (m)
2025-05-05 18:00:00,-0.4218038
2025-05-05 19:00:00,-0.25923157
2025-05-05 20:00:00,-0.06272805
2025-05-05 21:00:00,0.122446105
2025-05-05 22:00:00,0.23232877
2025-05-05 23:00:00,0.26949444
2025-05-06 00:00:00,0.203878
2025-05-06 01:00:00,0.076909855
2025-05-06 02:00:00,-0.09443639
2025-05-06 03:00:00,-0.22531764
2025-05-06 04:00:00,-0.3020344
2025-05-06 05:00:00,-0.33493322
2025-05-06 06:00:00,-0.29729754
2025-05-06 07:00:00,-0.15221016
2025-05-06 08:00:00,0.03714735
2025-05-06 09:00:00,0.22557177
2025-05-06 10:00:00,0.3596967
2025-05-06 11:00:00,0.43180847
2025-05-06 12:00:00,0.4068029
2025-05-06 13:00:00,0.2585501
2025-05-06 14:00:00,0.0333856
2025-05-06 15:00:00,-0.20986891
2025-05-06 16:00:00,-0.40939364
2025-05-06 17:00:00,-0.5516902
2025-05-06 18:00:00,-0.5717523
2025-05-06 19:00:00,-0.47699228
2025-05-06 20:00:00,-0.27901852
2025-05-06 21:00:00,-0.045346145
2025-05-06 22:00:00,0.15660276
2025-05-06 23:00:00,0.31690422
2025-05-07 00:00:00,0.3836974
2025-05-07 01:00:00,0.3360237
2025-05-07 02:00:00,0.1747396
2025-05-07 03:00:00,-0.035375852
2025-05-07 04:00:00,-0.21202649
2025-05-07 05:00:00,-0.33508608
2025-05-07 06:00:00,-0.41478813
2025-05-07 07:00:00,-0.37063205
2025-05-07 08:00:00,-0.20369491
2025-05-07 09:00:00,0.024889221
2025-05-07 10:00:00,0.25234142
2025-05-07 11:00:00,0.4004483
2025-05-07 12:00:00,0.48538154
2025-05-07 13:00:00,0.45227328
2025-05-07 14:00:00,0.28966728
2025-05-07 15:00:00,0.030372545
2025-05-07 16:00:00,-0.25440425
2025-05-07 17:00:00,-0.4697097
2025-05-07 18:00:00,-0.5962668
2025-05-07 19:00:00,-0.6100317
2025-05-07 20:00:00,-0.451881
2025-05-07 21:00:00,-0.2071112
2025-05-07 22:00:00,0.055134133
2025-05-07 23:00:00,0.28566045
2025-05-08 00:00:00,0.4656437
2025-05-08 01:00:00,0.53537226
2025-05-08 02:00:00,0.46202558
2025-05-08 03:00:00,0.25677335
2025-05-08 04:00:00,-0.0132873515
2025-05-08 05:00:00,-0.2510219
2025-05-08 06:00:00,-0.42674822
2025-05-08 07:00:00,-0.5030983
2025-05-08 08:00:00,-0.4152136
2025-05-08 09:00:00,-0.18245696
2025-05-08 10:00:00,0.07581031
2025-05-08 11:00:00,0.29425085
2025-05-08 12:00:00,0.45097739
2025-05-08 13:00:00,0.5191766
2025-05-08 14:00:00,0.45220894
2025-05-08 15:00:00,0.25041252
2025-05-08 16:00:00,-0.058156703
2025-05-08 17:00:00,-0.36832294
2025-05-08 18:00:00,-0.59212375
2025-05-08 19:00:00,-0.71306175
2025-05-08 20:00:00,-0.6591738
2025-05-08 21:00:00,-0.42843768
2025-05-08 22:00:00,-0.112049766
2025-05-08 23:00:00,0.20210594
2025-05-09 00:00:00,0.45303622
2025-05-09 01:00:00,0.61829877
2025-05-09 02:00:00,0.6396634
2025-05-09 03:00:00,0.49405587
2025-05-09 04:00:00,0.21796015
2025-05-09 05:00:00,-0.10192721
2025-05-09 06:00:00,-0.36683992
2025-05-09 07:00:00,-0.54238975
2025-05-09 08:00:00,-0.5778992
2025-05-09 09:00:00,-0.4211248
2025-05-09 10:00:00,-0.13496733
2025-05-09 11:00:00,0.17285265
2025-05-09 12:00:00,0.43373758
2025-05-09 13:00:00,0.5952332
2025-05-09 14:00:00,0.5989058
2025-05-09 15:00:00,0.4657654
2025-05-09 16:00:00,0.17381361
2025-05-09 17:00:00,-0.1929038
2025-05-09 18:00:00,-0.48782676
2025-05-09 19:00:00,-0.69397974
2025-05-09 20:00:00,-0.7589462
2025-05-09 21:00:00,-0.6011094
2025-05-09 22:00:00,-0.28507385
2025-05-09 23:00:00,0.08697442
2025-05-10 00:00:00,0.42167217
2025-05-10 01:00:00,0.6736879
2025-05-10 02:00:00,0.7919367
2025-05-10 03:00:00,0.71281254
2025-05-10 04:00:00,0.48739374
2025-05-10 05:00:00,0.14091046
2025-05-10 06:00:00,-0.22016554
2025-05-10 07:00:00,-0.49970055
2025-05-10 08:00:00,-0.6590036
2025-05-10 09:00:00,-0.6178275
2025-05-10 10:00:00,-0.37879238
2025-05-10 11:00:00,-0.049941514
2025-05-10 12:00:00,0.2806812
2025-05-10 13:00:00,0.51808274
2025-05-10 14:00:00,0.65084183
2025-05-10 15:00:00,0.5772204
2025-05-10 16:00:00,0.33594602
2025-05-10 17:00:00,-0.019430233
2025-05-10 18:00:00,-0.39092547
2025-05-10 19:00:00,-0.6774947
2025-05-10 20:00:00,-0.82934767
2025-05-10 21:00:00,-0.78654486
2025-05-10 22:00:00,-0.5174307
2025-05-10 23:00:00,-0.14087805
2025-05-11 00:00:00,0.2687734
2025-05-11 01:00:00,0.60840535
2025-05-11 02:00:00,0.82953554
2025-05-11 03:00:00,0.8587163
2025-05-11 04:00:00,0.703989
2025-05-11 05:00:00,0.37109315
2025-05-11 06:00:00,-0.04733049
2025-05-11 07:00:00,-0.37922925
2025-05-11 08:00:00,-0.63880366
2025-05-11 09:00:00,-0.7261029
2025-05-11 10:00:00,-0.5622424
2025-05-11 11:00:00,-0.25447258
2025-05-11 12:00:00,0.11929989
2025-05-11 13:00:00,0.43572465
2025-05-11 14:00:00,0.641687
2025-05-11 15:00:00,0.686375
2025-05-11 16:00:00,0.5151452
2025-05-11 17:00:00,0.21535864
2025-05-11 18:00:00,-0.18324417
